label,total_duration_s,ds_convergence_rate,ds_cos_mean,ds_cos_neg_frac,ds_proj_active_frac,ds_mean_conv_time_s,ds_e_monotone_frac,n_ds_primitives,n_ik_primitives
left_ds_trace,4.364920000000001,1.0,0.9881009883720929,0.0,0.0,1.6660000000000001,0.996116504854369,1,0
right_ds_trace,4.364920000000001,1.0,0.9889711821705426,0.0,0.0,1.6576700000000002,0.996116504854369,1,0
